ag_update_date,ag_id,ag_name,ag_gender,ag_date_of_birth,ag_gov_id,ag_license_number,ag_license_issue_date,ag_license_expiry_date,ag_ctgry,ag_expertise_cd,ag_experience,ag_lang,ag_contact_number,ag_email,ag_address_line_1,ag_address_line_2,ag_address_line_3,ag_city,ag_district,ag_state,ag_country,ag_pin_code,ag_since,ag_service_area_type,ag_product,ag_sales_manager_id,ag_account_no
2025-08-13,AG1000,Kismat Kant,F,1975-04-20,ADHAR-1993-5551-6173,LIC/Ta/63667,2018-08-22,2026-11-20,IM,HLT,9,Hindi/English/Tamil,99709027690,kismat29@example.com,30 Dhar Street,Wagle Street,Street,Chennai,Chennai,Tamil Nadu,India,608185,2016-05-24,Rural,Life,SM1044,490704860130
2025-08-13,AG1001,Jayan Mangal,M,2000-12-27,VOTER-C651462,LIC/We/74967,2023-10-03,2026-07-25,IM,HLT,5,Hindi/English/Bengali,99873261750,jayan42@example.com,H.No. 78- Bala Path,Chhabra Circle,Street,Howrah,Howrah,West Bengal,India,717939,2020-07-28,Urban,Health,SM1031,800401679700
2025-08-13,AG1002,Drishya Agate,F,1970-03-10,ADHAR-2242-8834-3810,LIC/Ma/69416,2024-07-04,2030-03-31,MI,HLT,14,Hindi/English/Marathi,99195859942,drishya28@example.com,29/30- Hegde Zila,Rastogi Circle,Street,Mumbai,Mumbai,Maharashtra,India,426121,2010-10-08,Rural,Life,SM1006,430255974191
2025-08-13,AG1003,Jiya Aggarwal,F,1970-11-11,UID-514468195229,LIC/Ma/79554,2022-09-23,2030-03-03,MI,GEN,9,Hindi/English/Marathi,97872811898,jiya39@example.com,772 Khurana Road,Mahajan Road,Street,Mumbai,Mumbai,Maharashtra,India,472459,2015-11-07,Rural,Motor,SM1002,714413650299
2025-08-13,AG1004,Nirvi Upadhyay,F,1970-10-05,VOTER-E231102,LIC/Ta/27947,2016-02-23,2027-08-10,CO,HLT,16,Hindi/English/Tamil,98299995763,nirvi66@example.com,00/88 Koshy Path,Thakkar Nagar,Street,Madurai,Madurai,Tamil Nadu,India,671964,2008-11-10,Urban,Health,SM1024,898415696841
2025-08-13,AG1005,Samiha Bansal,F,1997-01-12,UID-678136430336,LIC/Ta/22048,2020-12-04,2025-09-27,PO,HLT,8,Hindi/English/Tamil,97823753469,samiha93@example.com,92 Mane Path,Maharaj Ganj,Street,Chennai,Chennai,Tamil Nadu,India,668359,2017-04-04,Rural,Motor,SM1009,330110792237
2025-08-13,AG1006,Diya Keer,M,1994-12-27,ADHAR-8181-4789-6390,LIC/Ta/44624,2012-09-13,2027-12-09,IM,LFE,13,Hindi/English/Tamil,99375634773,diya39@example.com,78/98- Savant Chowk,Savant Road,Street,Chennai,Chennai,Tamil Nadu,India,670386,2012-03-09,Urban,Combo,SM1010,878054509650
2025-08-13,AG1007,Rohan Varghese,M,1979-04-01,VOTER-C925399,LIC/Ta/81865,2018-11-30,2025-08-28,MI,HLT,17,Hindi/English/Tamil,97827888748,rohan91@example.com,H.No. 74- Kunda Circle,Ratta Street,Street,Chennai,Chennai,Tamil Nadu,India,632629,2008-02-28,Urban,Life,SM1044,489639982400
2025-08-13,AG1008,Samiha Johal,M,1990-06-21,VOTER-E784925,LIC/We/92455,2024-08-15,2028-07-01,MI,GEN,2,Hindi/English/Bengali,97535097382,samiha80@example.com,22- Chandran Chowk,Chana Path,Street,Howrah,Howrah,West Bengal,India,799711,2023-05-09,Urban,Life,SM1042,505002403771
2025-08-13,AG1009,Vardaniya Raval,M,1975-09-28,UID-971622418350,LIC/We/90842,2019-03-01,2030-08-01,CO,GEN,9,Hindi/English/Bengali,98014182208,vardaniya40@example.com,133 Srivastava,Batra,Street,Howrah,Howrah,West Bengal,India,754288,2016-03-10,Urban,Life,SM1027,512187742101
2025-08-13,AG1010,Raghav Balay,F,1975-03-21,VOTER-E322879,LIC/De/62633,2016-12-30,2026-04-13,MI,LFE,18,Hindi/English,98399308066,raghav29@example.com,50/601- Solanki,Sarraf Path,Street,New Delhi,New Delhi,Delhi,India,110053,2007-07-23,Rural,Motor,SM1010,356634486386
2025-08-13,AG1011,Ojas Golla,F,1981-05-01,UID-467164534197,LIC/Ka/45174,2020-12-14,2028-07-31,CO,GEN,6,Hindi/English/Kannada,97069530638,ojas45@example.com,H.No. 02- Uppal,Kibe Zila,Street,Bangalore,Bangalore,Karnataka,India,562480,2019-01-26,Rural,Motor,SM1006,030605602116
2025-08-13,AG1012,Armaan Ray,F,1988-10-18,UID-513577917671,LIC/Ma/57447,2021-01-09,2026-01-22,MI,LFE,7,Hindi/English/Marathi,97372845158,armaan24@example.com,502- Barad Street,Sunder Ganj,Street,Mumbai,Mumbai,Maharashtra,India,457439,2017-12-19,Urban,Health,SM1027,334533046404
2025-08-13,AG1013,Mannat Dada,M,1989-09-26,ADHAR-6395-2290-1844,LIC/Ma/95935,2023-08-13,2026-01-24,MI,LFE,11,Hindi/English/Marathi,98966901273,mannat72@example.com,H.No. 16 Soni Road,Doctor,Street,Nagpur,Nagpur,Maharashtra,India,436922,2013-09-04,Rural,Motor,SM1029,477873202020
2025-08-13,AG1014,Hridaan Chaudry,M,1991-08-23,UID-186359639634,LIC/Ka/96285,2013-08-09,2026-02-19,MI,LFE,17,Hindi/English/Kannada,97109898374,hridaan45@example.com,28/37- Jhaveri Zila,Gaba Circle,Street,Bangalore,Bangalore,Karnataka,India,564805,2008-06-06,Rural,Life,SM1026,685937871690
2025-08-13,AG1015,Jayesh Din,F,1966-08-15,VOTER-E459967,LIC/Ma/83859,2017-11-24,2030-03-16,CO,GEN,15,Hindi/English/Marathi,99864117951,jayesh44@example.com,688 Grewal Marg,Talwar Nagar,Street,Nagpur,Nagpur,Maharashtra,India,464157,2009-12-27,Rural,Life,SM1034,360771237702
2025-08-13,AG1016,Riya Balakrishnan,M,1983-11-26,UID-413508036833,LIC/De/46808,2009-10-30,2029-12-03,IM,LFE,17,Hindi/English,98799575769,riya27@example.com,09/627- Subramanian Nagar,Kothari,Street,New Delhi,New Delhi,Delhi,India,110071,2008-04-13,Urban,Health,SM1009,661508010783
2025-08-13,AG1017,Dhanuk Dyal,F,1965-06-19,VOTER-E575199,LIC/Ma/33421,2020-06-21,2028-06-01,MI,GEN,5,Hindi/English/Marathi,99509859367,dhanuk88@example.com,76- Mand Path,Khurana,Street,Nagpur,Nagpur,Maharashtra,India,490264,2019-08-25,Urban,Combo,SM1003,576129747775
2025-08-13,AG1018,Bhamini Lad,M,1965-02-09,VOTER-D837489,LIC/Ma/67746,2018-05-01,2026-04-19,IM,GEN,13,Hindi/English/Marathi,97455306006,bhamini28@example.com,041 Ranganathan Street,Hayre Marg,Street,Nagpur,Nagpur,Maharashtra,India,490012,2012-06-25,Urban,Life,SM1044,216617459308
2025-08-13,AG1019,Abram Tata,M,1982-06-07,ADHAR-3277-4362-7038,LIC/Ma/14559,2024-01-30,2026-01-04,IM,LFE,13,Hindi/English/Marathi,97885727533,abram57@example.com,624 Saha Chowk,Goyal Road,Street,Pune,Pune,Maharashtra,India,407480,2011-11-04,Rural,Health,SM1021,246337206815
2025-08-13,AG1020,Vedika Sabharwal,F,1992-04-18,VOTER-E984064,LIC/De/47883,2022-02-25,2027-10-22,PO,LFE,6,Hindi/English,98658642064,vedika90@example.com,56/480 Kunda Nagar,Srinivasan Chowk,Street,New Delhi,New Delhi,Delhi,India,110007,2019-06-21,Urban,Health,SM1015,995849778750
2025-08-13,AG1021,Ira Doshi,F,1996-12-19,UID-879133454041,LIC/Ka/92738,2020-07-06,2028-10-08,CO,HLT,9,Hindi/English/Kannada,97760149744,ira55@example.com,07/80 Issac Street,Vala Marg,Street,Bangalore,Bangalore,Karnataka,India,569947,2015-11-16,Urban,Combo,SM1024,651059386485
2025-08-13,AG1022,Arnav Hari,M,1990-01-25,VOTER-D434847,LIC/Ka/87928,2025-04-13,2027-06-02,IM,HLT,3,Hindi/English/Kannada,98356634900,arnav91@example.com,H.No. 250- Mani Chowk,Mammen Circle,Street,Mysore,Mysore,Karnataka,India,577373,2022-01-26,Urban,Health,SM1042,406089798805
2025-08-13,AG1023,Faiyaz Soman,M,1992-08-22,UID-677742651541,LIC/We/99926,2018-01-17,2026-03-14,CO,HLT,7,Hindi/English/Bengali,99363782682,faiyaz96@example.com,58 Chhabra Marg,Deol Chowk,Street,Howrah,Howrah,West Bengal,India,743708,2017-09-04,Rural,Health,SM1015,063843796896
2025-08-13,AG1024,Trisha Jaggi,F,1984-09-29,UID-173287284573,LIC/We/40964,2014-06-03,2027-07-14,MI,LFE,15,Hindi/English/Bengali,97004131020,trisha62@example.com,47/336 Mall Nagar,Rattan Nagar,Street,Kolkata,Kolkata,West Bengal,India,798889,2010-04-07,Rural,Health,SM1023,118256201166
2025-08-13,AG1025,Vihaan Bhattacharyya,M,1964-11-09,ADHAR-4562-6093-5355,LIC/Ta/63046,2010-08-11,2028-11-06,IM,LFE,16,Hindi/English/Tamil,99846258529,vihaan82@example.com,H.No. 32- Sehgal Circle,Karnik Zila,Street,Madurai,Madurai,Tamil Nadu,India,645980,2009-05-26,Urban,Motor,SM1030,772725019476
2025-08-13,AG1026,Arnav Mane,F,1992-04-13,UID-741518715835,LIC/Ma/62031,2024-04-11,2027-12-02,IM,HLT,2,Hindi/English/Marathi,98092072215,arnav40@example.com,H.No. 676 Bahri Circle,Dey Road,Street,Mumbai,Mumbai,Maharashtra,India,497067,2023-05-16,Urban,Motor,SM1001,618052011389
2025-08-13,AG1027,Rohan Saini,M,1999-07-14,UID-696313973113,LIC/Ma/26401,2023-02-09,2029-11-08,IM,HLT,6,Hindi/English/Marathi,99426925081,rohan91@example.com,28/410 Rana Zila,Varma Road,Street,Mumbai,Mumbai,Maharashtra,India,449984,2019-06-30,Urban,Life,SM1036,158101296824
2025-08-13,AG1028,Seher Deol,F,1971-08-23,UID-917506806252,LIC/Ka/70494,2023-02-09,2027-10-23,MI,LFE,17,Hindi/English/Kannada,99413351776,seher89@example.com,12/99- Konda Marg,Vig Ganj,Street,Mysore,Mysore,Karnataka,India,582955,2007-11-16,Rural,Combo,SM1047,314909421282
2025-08-13,AG1029,Eva Dora,F,1967-11-02,UID-855161379504,LIC/Ta/81284,2021-09-30,2028-06-24,PO,LFE,11,Hindi/English/Tamil,98563953504,eva86@example.com,H.No. 44 Ramanathan Zila,De Zila,Street,Chennai,Chennai,Tamil Nadu,India,666277,2014-03-28,Rural,Combo,SM1001,229603366289
2025-08-13,AG1030,Urvi Dave,M,1980-05-25,VOTER-A461930,LIC/Ma/40956,2022-09-20,2028-08-07,IM,GEN,7,Hindi/English/Marathi,97356252747,urvi86@example.com,H.No. 793- Tandon Circle,Krish Nagar,Street,Pune,Pune,Maharashtra,India,477521,2018-01-15,Urban,Life,SM1029,665384847707
2025-08-13,AG1031,Ranbir Wagle,F,1985-05-27,UID-939528414623,LIC/We/72122,2021-05-03,2029-10-11,BO,GEN,13,Hindi/English/Bengali,98650143936,ranbir67@example.com,38 Zachariah Street,Gala Chowk,Street,Howrah,Howrah,West Bengal,India,713943,2012-02-25,Rural,Health,SM1025,921904227269
2025-08-13,AG1032,Rasha Dash,M,2003-05-10,UID-450040274890,LIC/De/82546,2024-01-30,2026-05-23,MI,LFE,2,Hindi/English,99767258452,rasha48@example.com,849- Date Ganj,Shukla Ganj,Street,New Delhi,New Delhi,Delhi,India,110030,2023-01-12,Rural,Motor,SM1005,859024203636
2025-08-13,AG1033,Keya Bumb,M,1977-05-21,UID-230379654797,LIC/De/43283,2020-12-26,2030-03-08,PO,LFE,6,Hindi/English,99673081584,keya97@example.com,84 Bose Circle,Wali Ganj,Street,New Delhi,New Delhi,Delhi,India,110060,2018-12-13,Rural,Combo,SM1035,480835879325
2025-08-13,AG1034,Saksham Walia,F,1971-03-17,VOTER-B365720,LIC/De/34597,2017-03-29,2027-01-19,IM,GEN,10,Hindi/English,99088533605,saksham68@example.com,29/792- Bera Circle,Kashyap Circle,Street,New Delhi,New Delhi,Delhi,India,110092,2015-03-16,Urban,Motor,SM1003,791839248805
2025-08-13,AG1035,Azad Kant,M,1986-03-20,VOTER-B943238,LIC/Ma/92091,2022-07-26,2027-04-14,PO,LFE,12,Hindi/English/Marathi,99717086579,azad68@example.com,H.No. 634 Sule Marg,Setty Chowk,Street,Pune,Pune,Maharashtra,India,444436,2013-04-19,Urban,Combo,SM1045,744106811157
2025-08-13,AG1036,Ritvik Goswami,F,1969-08-30,VOTER-B739595,LIC/Ka/42914,2025-02-27,2029-11-03,MI,HLT,1,Hindi/English/Kannada,98505522816,ritvik43@example.com,18 Lall Zila,Sane Ganj,Street,Mysore,Mysore,Karnataka,India,564612,2023-12-09,Urban,Combo,SM1037,884281442905
2025-08-13,AG1037,Samarth Wadhwa,F,1996-03-15,VOTER-E202763,LIC/Ka/19110,2018-11-29,2027-08-14,MI,LFE,10,Hindi/English/Kannada,99546667722,samarth70@example.com,540- Sridhar Street,Gara Ganj,Street,Mysore,Mysore,Karnataka,India,583295,2015-01-18,Rural,Life,SM1004,041756607590
2025-08-13,AG1038,Prerak Hora,F,1992-06-27,VOTER-C179036,LIC/De/84367,2021-04-09,2028-06-06,IM,GEN,5,Hindi/English,97452249824,prerak31@example.com,H.No. 59- Gupta Street,Korpal Ganj,Street,New Delhi,New Delhi,Delhi,India,110097,2019-12-16,Rural,Health,SM1007,640266495520
2025-08-13,AG1039,Vedika Saxena,M,1976-12-21,UID-964837642482,LIC/Ta/64448,2022-09-03,2028-10-08,CO,GEN,3,Hindi/English/Tamil,98383619041,vedika45@example.com,H.No. 76 Ram Chowk,Chhabra Road,Street,Chennai,Chennai,Tamil Nadu,India,697579,2022-08-01,Rural,Life,SM1033,083533750473
2025-08-13,AG1040,Ela Sharma,M,1996-08-28,ADHAR-1328-4410-5219,LIC/We/46576,2021-02-05,2025-09-05,IM,HLT,9,Hindi/English/Bengali,97698070388,ela85@example.com,358 Tiwari Marg,Soni,Street,Howrah,Howrah,West Bengal,India,769204,2016-05-05,Urban,Health,SM1009,790702518074
2025-08-13,AG1041,Anvi Deo,F,1987-03-03,ADHAR-1331-6519-3039,LIC/Ka/15055,2019-01-23,2027-09-22,BO,GEN,9,Hindi/English/Kannada,98216426113,anvi85@example.com,39- Chakraborty Nagar,Bassi Marg,Street,Mysore,Mysore,Karnataka,India,587778,2016-08-15,Rural,Combo,SM1001,923071157882
2025-08-13,AG1042,Riaan Randhawa,F,1973-11-13,ADHAR-2287-5156-4484,LIC/Ka/75638,2018-08-04,2026-05-28,IM,LFE,15,Hindi/English/Kannada,99799642181,riaan14@example.com,80 Rajagopal Nagar,Comar Zila,Street,Bangalore,Bangalore,Karnataka,India,583941,2009-10-08,Rural,Motor,SM1034,471618421709
2025-08-13,AG1043,Alia Dutt,M,2001-09-11,VOTER-A141744,LIC/De/43364,2020-02-04,2027-05-21,MI,GEN,6,Hindi/English,98923985013,alia70@example.com,H.No. 308 Seshadri Chowk,Babu Road,Street,New Delhi,New Delhi,Delhi,India,110052,2019-05-26,Rural,Health,SM1033,085606136663
2025-08-13,AG1044,Jivika Karpe,F,1973-05-29,UID-722064508179,LIC/Ta/30993,2015-12-02,2028-08-19,CO,HLT,14,Hindi/English/Tamil,97024288450,jivika23@example.com,74 Samra Road,Deep Road,Street,Coimbatore,Coimbatore,Tamil Nadu,India,637530,2010-12-09,Urban,Motor,SM1025,725181943326
2025-08-13,AG1045,Dhanuk Soman,M,1976-11-01,ADHAR-2318-3528-3352,LIC/Ta/46269,2022-10-21,2028-05-17,CO,GEN,12,Hindi/English/Tamil,98320696932,dhanuk96@example.com,46 Sur Ganj,Sampath Nagar,Street,Madurai,Madurai,Tamil Nadu,India,611362,2012-12-25,Urban,Health,SM1032,769249558970
2025-08-13,AG1046,Kismat Upadhyay,F,1999-06-02,UID-831084121552,LIC/We/88248,2021-11-18,2028-01-08,IM,HLT,15,Hindi/English/Bengali,98328004181,kismat52@example.com,11/180- Krishna Marg,Handa Road,Street,Kolkata,Kolkata,West Bengal,India,709234,2010-05-30,Rural,Life,SM1002,642343923061
2025-08-13,AG1047,Mahika Iyengar,M,1977-01-30,UID-307705543441,LIC/Ta/88729,2017-07-02,2027-02-05,MI,GEN,9,Hindi/English/Tamil,99221355259,mahika52@example.com,H.No. 424- Bora Ganj,Rattan Road,Street,Madurai,Madurai,Tamil Nadu,India,686990,2015-08-31,Urban,Life,SM1042,834870247722
2025-08-13,AG1048,Uthkarsh Bhagat,M,1977-03-26,UID-796070548094,LIC/Ta/98524,2024-08-25,2025-10-19,BO,HLT,2,Hindi/English/Tamil,98418478361,uthkarsh47@example.com,H.No. 76 Srivastava Ganj,Edwin,Street,Chennai,Chennai,Tamil Nadu,India,664496,2022-08-15,Urban,Motor,SM1026,247938259519
2025-08-13,AG1049,Indrans Balay,M,1991-12-26,ADHAR-7449-2283-2066,LIC/Ka/66679,2018-10-15,2029-11-16,MI,GEN,10,Hindi/English/Kannada,98028656803,indrans99@example.com,H.No. 917 Saxena Circle,Iyer Path,Street,Mysore,Mysore,Karnataka,India,581462,2015-07-28,Rural,Health,SM1025,844582197478
2025-08-13,AG1050,Azad Subramaniam,M,1980-10-04,UID-504682799400,LIC/Ka/49146,2017-07-29,2029-05-20,MI,GEN,11,Hindi/English/Kannada,98720099620,azad84@example.com,H.No. 900 Subramanian Ganj,Ben Chowk,Street,Mysore,Mysore,Karnataka,India,560001,2014-01-22,Urban,Combo,SM1003,373141925281
2025-08-13,AG1051,Aaina Bala,M,1972-01-09,ADHAR-9416-7984-1091,LIC/We/29962,2016-01-26,2027-12-18,IM,HLT,12,Hindi/English/Bengali,98907585556,aaina71@example.com,35/15- Bora Ganj,Saran Circle,Street,Howrah,Howrah,West Bengal,India,790735,2013-03-08,Urban,Combo,SM1035,394366319021
2025-08-13,AG1052,Advika Bassi,F,1995-04-04,UID-765437393521,LIC/Ma/13760,2021-05-11,2027-05-16,IM,HLT,6,Hindi/English/Marathi,99907307991,advika89@example.com,746- Bhandari Zila,Aggarwal Chowk,Street,Pune,Pune,Maharashtra,India,453083,2019-07-31,Urban,Life,SM1008,075499615761
2025-08-13,AG1053,Jayant Saran,M,1969-03-04,ADHAR-7736-8570-3072,LIC/Ka/12111,2016-05-20,2028-01-07,MI,GEN,17,Hindi/English/Kannada,98380016144,jayant53@example.com,55- Garg Marg,Jha Road,Street,Mysore,Mysore,Karnataka,India,586528,2008-01-14,Urban,Motor,SM1009,301151993874
2025-08-13,AG1054,Reyansh Ben,M,1982-11-22,UID-165440038949,LIC/Ka/31615,2012-03-12,2025-11-24,CO,LFE,18,Hindi/English/Kannada,97570924422,reyansh55@example.com,47 Kohli,Barman Chowk,Street,Bangalore,Bangalore,Karnataka,India,565250,2007-03-25,Urban,Health,SM1036,160917126714
2025-08-13,AG1055,Advik Bedi,F,1995-12-31,VOTER-E554228,LIC/De/97228,2025-05-22,2025-09-14,PO,LFE,3,Hindi/English,98685744181,advik73@example.com,260 Chahal Circle,Bassi Chowk,Street,New Delhi,New Delhi,Delhi,India,110050,2022-01-29,Urban,Health,SM1036,342239747236
2025-08-13,AG1056,Hunar Korpal,F,1978-03-30,UID-165021986377,LIC/We/75621,2022-09-22,2029-01-23,IM,HLT,10,Hindi/English/Bengali,97027053760,hunar67@example.com,57 Kohli Nagar,Ray Path,Street,Kolkata,Kolkata,West Bengal,India,726356,2015-08-09,Urban,Motor,SM1034,088041771838
2025-08-13,AG1057,Faiyaz Dhar,M,1996-11-20,UID-535413004354,LIC/Ta/51184,2021-04-09,2026-04-10,IM,LFE,15,Hindi/English/Tamil,98811699453,faiyaz42@example.com,H.No. 26 Bora,Dara Chowk,Street,Chennai,Chennai,Tamil Nadu,India,615035,2010-01-01,Rural,Life,SM1013,524916509663
2025-08-13,AG1058,Elakshi Golla,M,1975-07-30,VOTER-E178421,LIC/Ka/71085,2024-11-27,2028-02-08,IM,LFE,16,Hindi/English/Kannada,99793774898,elakshi65@example.com,H.No. 99 Ghose Marg,Rajagopalan Nagar,Street,Mysore,Mysore,Karnataka,India,571829,2008-11-18,Rural,Life,SM1016,495430125868
2025-08-13,AG1059,Vihaan Dewan,M,2000-10-06,UID-632107142977,LIC/Ka/36400,2021-07-03,2028-09-18,IM,GEN,6,Hindi/English/Kannada,97277258314,vihaan56@example.com,H.No. 24- Bava,Bose Road,Street,Bangalore,Bangalore,Karnataka,India,571638,2019-02-05,Rural,Health,SM1003,078180319394
2025-08-13,AG1060,Tarini Dugar,F,1965-03-04,VOTER-B803927,LIC/De/67800,2022-12-31,2026-04-15,IM,HLT,5,Hindi/English,99686355963,tarini17@example.com,02- Ganesh,Chokshi Zila,Street,New Delhi,New Delhi,Delhi,India,110086,2019-12-16,Rural,Health,SM1015,361594858043
2025-08-13,AG1061,Faiyaz Chadha,F,1977-02-01,VOTER-B643779,LIC/We/83543,2019-06-30,2028-09-03,CO,LFE,9,Hindi/English/Bengali,97716500961,faiyaz50@example.com,11- Sami Circle,Chokshi Ganj,Street,Kolkata,Kolkata,West Bengal,India,715497,2015-10-05,Rural,Motor,SM1019,618083409238
2025-08-13,AG1062,Kiara Bala,M,1976-12-20,ADHAR-4418-6350-6722,LIC/De/86553,2015-05-12,2027-10-27,MI,LFE,19,Hindi/English,98271589500,kiara74@example.com,69/21 Saxena Street,Rout Ganj,Street,New Delhi,New Delhi,Delhi,India,110078,2006-07-07,Urban,Life,SM1004,349654170997
2025-08-13,AG1063,Eshani Char,F,1966-07-22,UID-982191608688,LIC/De/70418,2016-11-11,2028-09-01,CO,LFE,10,Hindi/English,98241775714,eshani13@example.com,H.No. 758 Manda Marg,Agate Ganj,Street,New Delhi,New Delhi,Delhi,India,110089,2014-12-07,Urban,Health,SM1032,886483010526
2025-08-13,AG1064,Reyansh Doctor,F,1993-06-03,ADHAR-3281-1985-2358,LIC/De/12470,2015-05-22,2026-02-10,PO,LFE,17,Hindi/English,98966797726,reyansh24@example.com,47/951- Agate Chowk,Bhattacharyya,Street,New Delhi,New Delhi,Delhi,India,110071,2008-03-29,Urban,Combo,SM1000,993628010411
2025-08-13,AG1065,Yuvaan Batta,M,1978-02-28,ADHAR-8399-2831-1376,LIC/Ma/19551,2018-07-06,2025-12-26,IM,LFE,9,Hindi/English/Marathi,99691799626,yuvaan94@example.com,900 D’Alia Zila,Krishnan Ganj,Street,Nagpur,Nagpur,Maharashtra,India,428136,2015-11-17,Urban,Combo,SM1049,351336887352
2025-08-13,AG1066,Oorja Rao,M,1986-11-20,VOTER-B671706,LIC/Ka/43979,2021-05-03,2028-07-04,PO,LFE,8,Hindi/English/Kannada,99151613697,oorja19@example.com,H.No. 809 Apte Road,Dugar Marg,Street,Mysore,Mysore,Karnataka,India,589479,2016-12-08,Rural,Motor,SM1012,155579618789
2025-08-13,AG1067,Dhanuk Chaudry,M,1998-04-24,UID-328805548603,LIC/Ma/83654,2021-08-16,2030-03-27,CO,HLT,10,Hindi/English/Marathi,97246306298,dhanuk50@example.com,67- Chahal,Tak Zila,Street,Nagpur,Nagpur,Maharashtra,India,475356,2015-07-08,Rural,Life,SM1016,549855458761
2025-08-13,AG1068,Ela Grover,F,1996-11-09,ADHAR-4762-5962-5612,LIC/Ma/43848,2024-08-01,2028-06-11,IM,HLT,1,Hindi/English/Marathi,97743544616,ela11@example.com,H.No. 92- Bassi,Bhattacharyya Ganj,Street,Mumbai,Mumbai,Maharashtra,India,434711,2024-04-30,Rural,Life,SM1032,677675058839
2025-08-13,AG1069,Advika Mahal,F,1983-07-26,VOTER-E551302,LIC/Ka/44716,2020-11-26,2027-09-14,BO,LFE,6,Hindi/English/Kannada,98349979754,advika71@example.com,H.No. 24 Bhatt Ganj,Rattan Nagar,Street,Bangalore,Bangalore,Karnataka,India,572327,2018-12-14,Urban,Health,SM1019,389847183311
2025-08-13,AG1070,Bhamini Sharaf,F,1997-01-12,ADHAR-8452-7996-8837,LIC/De/33736,2025-06-21,2027-10-12,PO,LFE,0,Hindi/English,97261984143,bhamini15@example.com,29- Sawhney Road,Bir Circle,Street,New Delhi,New Delhi,Delhi,India,110097,2025-06-04,Urban,Life,SM1033,014211542002
2025-08-13,AG1071,Sana Gokhale,M,2000-05-05,ADHAR-3489-2117-9680,LIC/Ta/95280,2017-03-17,2030-02-05,MI,GEN,16,Hindi/English/Tamil,97132693358,sana60@example.com,38 Talwar Marg,Kade Zila,Street,Coimbatore,Coimbatore,Tamil Nadu,India,684757,2009-06-21,Rural,Health,SM1035,197332984038
2025-08-13,AG1072,Alia Saini,F,1993-10-21,VOTER-D255071,LIC/Ka/50224,2023-05-02,2028-11-27,PO,LFE,18,Hindi/English/Kannada,97074609648,alia11@example.com,92/12- Ghosh Marg,Tak Street,Street,Bangalore,Bangalore,Karnataka,India,588418,2007-02-19,Rural,Health,SM1023,997005047223
2025-08-13,AG1073,Ryan Dhar,M,1966-09-16,VOTER-C643416,LIC/De/52878,2023-09-03,2030-07-24,CO,LFE,11,Hindi/English,98095523175,ryan51@example.com,87/23 Gara Chowk,Krishnan Circle,Street,New Delhi,New Delhi,Delhi,India,110015,2013-10-31,Urban,Health,SM1037,378868091317
2025-08-13,AG1074,Damini Choudhry,F,1998-11-14,UID-542325125687,LIC/We/25032,2025-07-15,2028-10-31,CO,HLT,0,Hindi/English/Bengali,99736538481,damini66@example.com,H.No. 016- Sehgal Marg,Dar Chowk,Street,Kolkata,Kolkata,West Bengal,India,766805,2024-11-13,Urban,Health,SM1036,516425668204
2025-08-13,AG1075,Anya Bath,M,1970-06-08,ADHAR-4217-2272-2096,LIC/Ma/67098,2020-03-17,2027-12-17,IM,LFE,11,Hindi/English/Marathi,98430576354,anya97@example.com,53- Kurian Marg,Kamdar Path,Street,Nagpur,Nagpur,Maharashtra,India,471321,2014-03-20,Urban,Life,SM1039,841278481026
2025-08-13,AG1076,Bhamini Gour,M,1967-01-21,UID-950197005460,LIC/De/93283,2025-06-09,2027-03-25,IM,LFE,1,Hindi/English,97531048226,bhamini21@example.com,90/11 Rajagopalan Circle,Ranganathan Marg,Street,New Delhi,New Delhi,Delhi,India,110081,2024-03-24,Rural,Combo,SM1028,928859146324
2025-08-13,AG1077,Vardaniya Tiwari,M,1966-07-30,UID-772663796985,LIC/Ma/52775,2024-12-18,2026-10-31,CO,HLT,6,Hindi/English/Marathi,97138374429,vardaniya27@example.com,H.No. 19- Shah Chowk,Sur Nagar,Street,Pune,Pune,Maharashtra,India,470188,2018-12-14,Urban,Health,SM1046,419806115411
2025-08-13,AG1078,Vedika Dutt,F,1970-06-18,ADHAR-4754-8780-7549,LIC/Ta/75870,2021-05-10,2026-07-22,MI,GEN,10,Hindi/English/Tamil,99702531586,vedika91@example.com,68/063 Balasubramanian Ganj,Goyal Circle,Street,Madurai,Madurai,Tamil Nadu,India,651015,2014-09-21,Urban,Life,SM1024,812855747771
2025-08-13,AG1079,Adira Kant,M,1980-05-14,ADHAR-4595-1044-3679,LIC/De/50416,2019-12-06,2027-08-06,MI,LFE,13,Hindi/English,97235515640,adira69@example.com,33/258 Rajan Chowk,Dass Path,Street,New Delhi,New Delhi,Delhi,India,110043,2012-07-16,Rural,Motor,SM1007,241782821958
2025-08-13,AG1080,Hridaan Bava,F,1970-09-20,UID-152630758039,LIC/Ta/20642,2015-09-16,2029-08-14,IM,GEN,12,Hindi/English/Tamil,99484785620,hridaan97@example.com,H.No. 975- Chana Street,Sanghvi Path,Street,Chennai,Chennai,Tamil Nadu,India,666376,2013-02-01,Urban,Life,SM1042,336931439665
2025-08-13,AG1081,Ivan Date,F,1985-05-27,ADHAR-9886-5678-1190,LIC/Ta/87745,2021-05-19,2028-03-14,IM,GEN,18,Hindi/English/Tamil,97923084811,ivan31@example.com,72/081- Varkey,Bora Circle,Street,Chennai,Chennai,Tamil Nadu,India,650008,2006-09-08,Urban,Combo,SM1004,021947777351
2025-08-13,AG1082,Kaira Yohannan,F,1971-06-28,VOTER-C162290,LIC/Ta/57239,2017-08-27,2028-01-02,MI,LFE,12,Hindi/English/Tamil,98649241965,kaira90@example.com,50/89 Khare Marg,Bahri Nagar,Street,Chennai,Chennai,Tamil Nadu,India,648775,2013-07-13,Urban,Health,SM1014,433045559660
2025-08-13,AG1083,Saksham Sahota,F,1967-03-31,ADHAR-1539-4269-1579,LIC/We/96358,2025-05-26,2027-01-02,IM,LFE,5,Hindi/English/Bengali,97797278491,saksham24@example.com,H.No. 52- Dalal Path,Tank,Street,Howrah,Howrah,West Bengal,India,715210,2020-05-23,Urban,Combo,SM1034,815358523180
2025-08-13,AG1084,Inaaya  Jhaveri,M,1973-07-11,UID-868935803712,LIC/Ta/76537,2024-09-10,2026-06-06,CO,LFE,1,Hindi/English/Tamil,98794774111,inaaya57@example.com,776 Subramaniam Path,De Zila,Street,Madurai,Madurai,Tamil Nadu,India,621036,2023-09-15,Rural,Combo,SM1040,443378733593
2025-08-13,AG1085,Riaan Upadhyay,F,1988-11-29,VOTER-C527007,LIC/Ta/20030,2022-10-08,2028-06-23,IM,GEN,13,Hindi/English/Tamil,99068024215,riaan91@example.com,21/06- Andra Circle,Agate Street,Street,Coimbatore,Coimbatore,Tamil Nadu,India,670497,2012-01-28,Rural,Life,SM1046,014600060914
2025-08-13,AG1086,Aaryahi Gupta,M,1996-01-16,UID-331431388670,LIC/Ma/92953,2025-06-06,2030-04-22,MI,LFE,0,Hindi/English/Marathi,99258353040,aaryahi74@example.com,722 Karan Path,Grewal,Street,Nagpur,Nagpur,Maharashtra,India,465202,2024-08-29,Urban,Combo,SM1034,611987629267
2025-08-13,AG1087,Kartik Sodhi,M,1972-02-29,VOTER-A828239,LIC/De/21397,2018-02-21,2029-04-09,IM,LFE,14,Hindi/English,97848444521,kartik81@example.com,88/29- Singhal Nagar,Bali Ganj,Street,New Delhi,New Delhi,Delhi,India,110011,2010-10-06,Rural,Health,SM1042,853044508897
2025-08-13,AG1088,Kanav Kashyap,F,1982-10-07,VOTER-D970911,LIC/De/43119,2016-05-12,2027-09-01,IM,HLT,12,Hindi/English,99359444549,kanav84@example.com,H.No. 982 Hans Path,Trivedi Path,Street,New Delhi,New Delhi,Delhi,India,110048,2013-02-07,Rural,Motor,SM1023,890801976772
2025-08-13,AG1089,Ryan Dugal,F,1981-01-03,VOTER-A528863,LIC/Ka/48475,2023-08-27,2030-04-13,MI,HLT,2,Hindi/English/Kannada,99911794124,ryan36@example.com,H.No. 771- Sani Nagar,Rajan Circle,Street,Bangalore,Bangalore,Karnataka,India,572205,2022-10-14,Rural,Combo,SM1029,233566671712
2025-08-13,AG1090,Samar Kalla,M,1982-05-21,UID-668352081900,LIC/Ta/24361,2020-11-08,2026-06-27,MI,LFE,5,Hindi/English/Tamil,97999453613,samar81@example.com,H.No. 438- Singhal Street,Grover Circle,Street,Chennai,Chennai,Tamil Nadu,India,675374,2020-05-24,Urban,Health,SM1046,746620766670
2025-08-13,AG1091,Trisha Chada,F,1981-11-22,UID-913661015584,LIC/Ka/83538,2024-08-06,2029-01-07,IM,GEN,1,Hindi/English/Kannada,98740733094,trisha71@example.com,913- Jayaraman Ganj,Kapadia Circle,Street,Bangalore,Bangalore,Karnataka,India,584749,2024-06-16,Urban,Motor,SM1035,525081339971
2025-08-13,AG1092,Jivin Chadha,M,2003-07-20,ADHAR-2814-2577-4463,LIC/Ma/66701,2019-03-14,2026-04-04,IM,HLT,9,Hindi/English/Marathi,98504141847,jivin77@example.com,H.No. 41 Sankaran,Raja Road,Street,Pune,Pune,Maharashtra,India,454070,2016-04-08,Rural,Combo,SM1033,103498721715
2025-08-13,AG1093,Ranbir Gulati,M,1995-11-19,VOTER-B267918,LIC/Ka/56032,2021-01-17,2028-03-11,IM,HLT,19,Hindi/English/Kannada,98485453674,ranbir54@example.com,H.No. 849 Grover Chowk,Jhaveri Zila,Street,Bangalore,Bangalore,Karnataka,India,561184,2005-08-31,Rural,Combo,SM1010,672379331253
2025-08-13,AG1094,Mahika Thakur,F,1988-09-23,ADHAR-6217-4243-9262,LIC/Ma/20114,2024-03-19,2028-03-23,IM,HLT,2,Hindi/English/Marathi,97098498439,mahika74@example.com,871 Chawla Zila,Thaman Street,Street,Nagpur,Nagpur,Maharashtra,India,468944,2022-11-30,Rural,Motor,SM1032,897045710397
2025-08-13,AG1095,Nishith Handa,F,1998-05-18,UID-548261075732,LIC/We/71466,2024-01-31,2026-01-10,MI,GEN,15,Hindi/English/Bengali,97094839881,nishith21@example.com,60/43 Sarma Road,Solanki Circle,Street,Kolkata,Kolkata,West Bengal,India,735492,2010-04-23,Urban,Health,SM1026,029028460918
2025-08-13,AG1096,Jiya Kapoor,M,1999-05-28,ADHAR-2404-9573-4384,LIC/We/66494,2021-05-16,2029-10-16,PO,LFE,6,Hindi/English/Bengali,97499346838,jiya45@example.com,H.No. 687- Lal Marg,Singh Road,Street,Howrah,Howrah,West Bengal,India,748491,2019-04-26,Rural,Health,SM1043,499398598059
2025-08-13,AG1097,Divit Dar,M,2003-05-29,ADHAR-2748-4682-2286,LIC/Ta/84385,2024-07-10,2029-11-03,PO,HLT,19,Hindi/English/Tamil,99165144350,divit59@example.com,03/204- Rao Circle,Dugar Path,Street,Chennai,Chennai,Tamil Nadu,India,636902,2005-08-29,Urban,Health,SM1022,691368179664
2025-08-13,AG1098,Shamik Bhakta,M,2001-03-20,UID-571662251848,LIC/De/28206,2023-08-09,2029-06-19,MI,HLT,7,Hindi/English,98701748886,shamik69@example.com,63/441- Sehgal Marg,Issac Chowk,Street,New Delhi,New Delhi,Delhi,India,110001,2017-09-13,Urban,Combo,SM1006,655366003875
2025-08-13,AG1099,Purab Salvi,M,1997-04-18,ADHAR-7148-8585-5569,LIC/We/15159,2025-07-11,2025-10-23,PO,HLT,7,Hindi/English/Bengali,99319818407,purab71@example.com,98/38- Malhotra Marg,Shankar Chowk,Street,Kolkata,Kolkata,West Bengal,India,768814,2018-08-11,Urban,Health,SM1021,203966661349
2025-08-13,AG1100,Inaaya  Venkataraman,F,1971-04-06,ADHAR-2009-5725-8182,LIC/We/25901,2025-01-09,2028-09-27,MI,HLT,0,Hindi/English/Bengali,99450273673,inaaya38@example.com,173- Dey Street,Kohli Street,Street,Howrah,Howrah,West Bengal,India,729376,2024-09-29,Urban,Combo,SM1012,277235392920
2025-08-13,AG1101,Indrans Mall,M,1987-07-25,ADHAR-5462-1037-1104,LIC/Ka/65351,2017-11-27,2029-03-04,CO,LFE,13,Hindi/English/Kannada,97923362853,indrans58@example.com,47/437 Bhakta Path,Dada,Street,Mysore,Mysore,Karnataka,India,581453,2011-11-01,Rural,Health,SM1022,757579669813
2025-08-13,AG1102,Heer Suresh,M,1999-04-30,VOTER-D340459,LIC/Ta/78805,2009-10-16,2026-04-04,CO,GEN,16,Hindi/English/Tamil,97629923304,heer13@example.com,95 Khatri,Dewan Zila,Street,Coimbatore,Coimbatore,Tamil Nadu,India,605075,2009-06-09,Urban,Motor,SM1009,273417746682
2025-08-13,AG1103,Gatik Soman,F,1979-02-15,VOTER-A251601,LIC/We/42692,2024-11-22,2028-01-03,IM,GEN,6,Hindi/English/Bengali,97534842643,gatik95@example.com,H.No. 397 Swamy Zila,Hans Nagar,Street,Howrah,Howrah,West Bengal,India,768400,2019-05-31,Rural,Combo,SM1028,674449301785
2025-08-13,AG1104,Kashvi Bhat,M,1973-10-01,UID-655402733392,LIC/Ta/62289,2011-04-15,2029-08-02,PO,LFE,17,Hindi/English/Tamil,99807972179,kashvi26@example.com,268 Tella Zila,Sathe Road,Street,Madurai,Madurai,Tamil Nadu,India,699146,2007-09-03,Urban,Health,SM1043,415834391522
2025-08-13,AG1105,Vihaan Dixit,F,1965-06-17,UID-335786310194,LIC/We/50536,2006-10-18,2025-12-25,MI,LFE,19,Hindi/English/Bengali,97898277055,vihaan15@example.com,71/18- Srinivasan Nagar,Bobal Marg,Street,Howrah,Howrah,West Bengal,India,799537,2006-04-29,Urban,Life,SM1043,745556208774
2025-08-13,AG1106,Tara Jha,F,1968-07-07,UID-147652527897,LIC/Ta/70264,2008-09-25,2029-11-07,IM,LFE,18,Hindi/English/Tamil,99171633705,tara71@example.com,22 Sinha Road,Vaidya Marg,Street,Chennai,Chennai,Tamil Nadu,India,627683,2007-05-21,Rural,Health,SM1022,291569222156
2025-08-13,AG1107,Raunak Bedi,M,1987-04-07,ADHAR-6397-9654-2960,LIC/De/56145,2022-08-20,2030-05-19,IM,LFE,5,Hindi/English,98589529112,raunak61@example.com,H.No. 228- Gade Road,Salvi Chowk,Street,New Delhi,New Delhi,Delhi,India,110042,2020-07-03,Urban,Health,SM1004,351994163883
2025-08-13,AG1108,Tushar Sarna,F,1995-03-05,ADHAR-9942-9551-9901,LIC/De/25002,2025-01-01,2030-03-17,IM,LFE,5,Hindi/English,98379662755,tushar47@example.com,H.No. 16- Ray Marg,Doctor Street,Street,New Delhi,New Delhi,Delhi,India,110050,2019-11-20,Rural,Combo,SM1047,869169087269
2025-08-13,AG1109,Khushi Yogi,F,1996-12-24,ADHAR-2832-5517-8890,LIC/Ka/60428,2021-05-20,2027-02-13,PO,GEN,10,Hindi/English/Kannada,99653091401,khushi11@example.com,038 Bedi,Vora Nagar,Street,Mysore,Mysore,Karnataka,India,582794,2015-07-30,Rural,Health,SM1034,204601827855
2025-08-13,AG1110,Tarini Bakshi,M,1967-05-23,ADHAR-5655-9313-8240,LIC/We/47000,2021-05-04,2026-07-10,PO,GEN,8,Hindi/English/Bengali,97415976201,tarini11@example.com,H.No. 69- Brahmbhatt Ganj,Gera Marg,Street,Kolkata,Kolkata,West Bengal,India,710612,2017-03-30,Urban,Life,SM1039,339661869276
2025-08-13,AG1111,Shalv Reddy,M,1990-09-13,VOTER-A688051,LIC/We/90970,2011-11-02,2030-04-04,PO,LFE,18,Hindi/English/Bengali,97062236026,shalv18@example.com,02/99- Ghose Marg,Kota Road,Street,Howrah,Howrah,West Bengal,India,709557,2006-11-24,Urban,Health,SM1002,181795370121
2025-08-13,AG1112,Stuvan Raju,F,1970-03-31,UID-202816228083,LIC/Ka/34463,2020-12-16,2027-10-17,IM,GEN,7,Hindi/English/Kannada,98397639672,stuvan99@example.com,H.No. 085- Ganesan Zila,Kapoor Chowk,Street,Mysore,Mysore,Karnataka,India,563166,2017-09-21,Rural,Life,SM1023,863883348941
2025-08-13,AG1113,Fateh Tandon,F,1987-01-25,UID-589390984838,LIC/Ta/55435,2020-01-28,2026-09-24,IM,GEN,14,Hindi/English/Tamil,99063666457,fateh36@example.com,889 Raju Marg,Lanka,Street,Coimbatore,Coimbatore,Tamil Nadu,India,623068,2011-06-09,Urban,Combo,SM1013,470003697424
2025-08-13,AG1114,Mohanlal Manne,M,1990-07-15,UID-281404830452,LIC/Ma/54517,2013-01-23,2026-05-18,IM,GEN,13,Hindi/English/Marathi,99938746621,mohanlal81@example.com,H.No. 276 Dyal Marg,Chahal Zila,Street,Nagpur,Nagpur,Maharashtra,India,465581,2011-10-23,Rural,Health,SM1018,105496959314
2025-08-13,AG1115,Krish Sankaran,M,1998-07-06,VOTER-D685956,LIC/Ta/54250,2016-06-19,2026-09-30,PO,HLT,9,Hindi/English/Tamil,98805612607,krish47@example.com,646- Ahluwalia Marg,Ram Circle,Street,Chennai,Chennai,Tamil Nadu,India,646348,2015-11-23,Rural,Life,SM1021,218423168054
2025-08-13,AG1116,Mannat Guha,F,1984-05-10,ADHAR-3061-3697-6571,LIC/Ta/78753,2012-09-23,2029-11-26,BO,GEN,17,Hindi/English/Tamil,97481982334,mannat25@example.com,70/514- Hayer Zila,Venkatesh Road,Street,Madurai,Madurai,Tamil Nadu,India,658855,2008-06-30,Urban,Motor,SM1003,092793746505
2025-08-13,AG1117,Mahika Bahri,M,1984-12-07,VOTER-E563671,LIC/We/98398,2010-09-07,2027-07-07,MI,HLT,17,Hindi/English/Bengali,97771213196,mahika97@example.com,017- Chanda,Sachar Chowk,Street,Howrah,Howrah,West Bengal,India,747013,2007-10-17,Urban,Combo,SM1030,851579284494
2025-08-13,AG1118,Baiju Lata,F,1975-12-22,UID-346737405054,LIC/De/88674,2021-07-15,2026-12-06,BO,GEN,10,Hindi/English,99260784248,baiju37@example.com,H.No. 98- Tandon Street,Sharaf Marg,Street,New Delhi,New Delhi,Delhi,India,110034,2014-09-26,Rural,Health,SM1042,212479917042
2025-08-13,AG1119,Saanvi Sunder,M,1984-09-12,UID-185490007553,LIC/Ta/65873,2021-06-11,2028-05-12,BO,GEN,16,Hindi/English/Tamil,97054651660,saanvi81@example.com,40 Rajagopal Marg,Sethi Ganj,Street,Chennai,Chennai,Tamil Nadu,India,696054,2009-01-17,Urban,Combo,SM1019,989080998254
2025-08-13,AG1120,Misha Garde,F,1983-10-04,UID-263222235863,LIC/Ma/83335,2024-10-11,2026-04-19,IM,HLT,13,Hindi/English/Marathi,98449587263,misha54@example.com,85/694 Khalsa Circle,Garde Path,Street,Pune,Pune,Maharashtra,India,470869,2012-01-09,Urban,Life,SM1022,485832939702
2025-08-13,AG1121,Divit Rajagopal,M,1984-10-18,VOTER-A813247,LIC/De/39161,2016-01-20,2028-10-01,CO,LFE,15,Hindi/English,97213418817,divit74@example.com,75/374 Kari Road,Doctor Path,Street,New Delhi,New Delhi,Delhi,India,110043,2010-08-08,Urban,Life,SM1023,549602945911
2025-08-13,AG1122,Khushi Iyengar,M,1995-04-22,UID-552021849624,LIC/Ta/43630,2018-05-07,2026-10-23,BO,HLT,19,Hindi/English/Tamil,97179539866,khushi63@example.com,H.No. 06- Mall Ganj,Lad Marg,Street,Chennai,Chennai,Tamil Nadu,India,603409,2005-12-31,Urban,Combo,SM1024,662866601508
2025-08-13,AG1123,Badal Bhargava,M,1972-09-19,ADHAR-9195-5054-6494,LIC/We/72000,2025-04-25,2025-10-22,IM,LFE,3,Hindi/English/Bengali,99371704011,badal81@example.com,090- Bali Zila,Baria Nagar,Street,Howrah,Howrah,West Bengal,India,768890,2022-07-22,Rural,Combo,SM1035,010994039610
2025-08-13,AG1124,Anya Buch,M,1974-08-01,UID-694440882409,LIC/Ka/24417,2020-12-24,2027-03-31,BO,LFE,6,Hindi/English/Kannada,97743421315,anya10@example.com,540- Ray Zila,Bhatnagar,Street,Mysore,Mysore,Karnataka,India,585176,2019-05-07,Rural,Health,SM1020,579612199824
2025-08-13,AG1125,Ivana Guha,M,1974-03-30,UID-697746983073,LIC/We/65806,2025-02-28,2027-02-22,BO,GEN,0,Hindi/English/Bengali,97958230182,ivana91@example.com,H.No. 90 Bhagat Zila,Kala Zila,Street,Howrah,Howrah,West Bengal,India,706921,2025-01-15,Urban,Life,SM1039,969678822352
2025-08-13,AG1126,Anika Divan,F,1999-04-16,UID-567388621787,LIC/Ma/51195,2013-03-22,2026-12-21,MI,GEN,15,Hindi/English/Marathi,98703906383,anika88@example.com,H.No. 527 Balan,Walia Zila,Street,Pune,Pune,Maharashtra,India,497380,2010-04-07,Rural,Life,SM1047,898100624120
2025-08-13,AG1127,Diya Malhotra,F,1968-04-28,VOTER-D355458,LIC/De/67020,2022-06-29,2025-09-29,BO,GEN,16,Hindi/English,97054668931,diya19@example.com,39/56 Maharaj Nagar,Viswanathan Path,Street,New Delhi,New Delhi,Delhi,India,110075,2009-06-06,Urban,Life,SM1006,880136308035
2025-08-13,AG1128,Nirvaan Vaidya,M,1999-09-10,VOTER-B426748,LIC/Ma/32343,2018-03-10,2029-03-23,MI,GEN,9,Hindi/English/Marathi,98559489941,nirvaan29@example.com,13- Kale Circle,Chacko Nagar,Street,Mumbai,Mumbai,Maharashtra,India,449839,2015-09-30,Rural,Health,SM1019,086210963001
2025-08-13,AG1129,Yakshit Dhaliwal,M,1986-11-24,ADHAR-5622-1196-8031,LIC/Ma/11581,2022-05-26,2027-11-25,PO,HLT,9,Hindi/English/Marathi,98262860017,yakshit98@example.com,H.No. 34 Wagle,Saini Path,Street,Mumbai,Mumbai,Maharashtra,India,416926,2016-01-17,Urban,Combo,SM1031,891737579262
2025-08-13,AG1130,Shayak Lata,F,1973-04-05,UID-348362262431,LIC/Ta/81565,2017-03-26,2026-04-03,PO,GEN,10,Hindi/English/Tamil,97007671527,shayak22@example.com,105 Garg Path,Chacko,Street,Chennai,Chennai,Tamil Nadu,India,696538,2015-06-14,Urban,Health,SM1019,140156019957
2025-08-13,AG1131,Tiya Batta,M,1980-09-06,ADHAR-1274-4025-3161,LIC/We/25708,2024-11-28,2027-08-05,BO,LFE,14,Hindi/English/Bengali,98671569428,tiya97@example.com,15/379- Yogi Zila,Zacharia Road,Street,Howrah,Howrah,West Bengal,India,760156,2011-07-27,Urban,Life,SM1038,128700483860
2025-08-13,AG1132,Chirag Saxena,M,1988-11-07,UID-327982013392,LIC/De/62390,2021-02-02,2028-12-13,IM,GEN,16,Hindi/English,98588781546,chirag18@example.com,H.No. 131- Zachariah Road,Khare Chowk,Street,New Delhi,New Delhi,Delhi,India,110085,2008-12-06,Urban,Motor,SM1016,867255918038
2025-08-13,AG1133,Emir Chada,F,1975-09-24,ADHAR-1827-4975-9050,LIC/Ta/27068,2021-12-22,2028-03-14,MI,GEN,3,Hindi/English/Tamil,98516496309,emir32@example.com,53- Bajaj Chowk,Sagar Marg,Street,Chennai,Chennai,Tamil Nadu,India,625773,2021-12-11,Urban,Life,SM1021,060989244169
2025-08-13,AG1134,Kanav Dash,F,1983-04-11,VOTER-C204459,LIC/We/12231,2021-11-04,2030-08-09,PO,HLT,8,Hindi/English/Bengali,98757925986,kanav19@example.com,H.No. 84 Devi Street,Agarwal Nagar,Street,Kolkata,Kolkata,West Bengal,India,738874,2016-11-03,Urban,Health,SM1006,354893926856
2025-08-13,AG1135,Madhup Raju,F,1984-03-25,VOTER-D260887,LIC/Ma/62554,2014-01-31,2030-04-01,BO,HLT,12,Hindi/English/Marathi,98654524450,madhup44@example.com,09- Banerjee Marg,Karpe Street,Street,Nagpur,Nagpur,Maharashtra,India,449070,2013-01-16,Rural,Health,SM1017,242686547162
2025-08-13,AG1136,Riaan Mallick,F,1980-04-15,UID-535125083059,LIC/Ma/71141,2016-08-09,2030-05-31,BO,HLT,9,Hindi/English/Marathi,99466380408,riaan21@example.com,11/477 Golla Nagar,Kari Path,Street,Nagpur,Nagpur,Maharashtra,India,451207,2016-03-20,Urban,Combo,SM1021,249886477174
2025-08-13,AG1137,Lakshay Baria,M,1985-07-15,UID-299784790041,LIC/Ta/32691,2017-03-07,2028-06-22,BO,LFE,11,Hindi/English/Tamil,98463629173,lakshay58@example.com,545- Setty Nagar,Khosla Nagar,Street,Chennai,Chennai,Tamil Nadu,India,646537,2014-08-11,Urban,Life,SM1017,214679957052
2025-08-13,AG1138,Jivika Dhawan,F,1990-12-30,VOTER-C648714,LIC/Ma/21956,2019-07-24,2029-11-17,IM,LFE,8,Hindi/English/Marathi,99733907754,jivika24@example.com,19/406 Soni,Mandal Path,Street,Pune,Pune,Maharashtra,India,433492,2016-09-25,Urban,Health,SM1020,791315721606
2025-08-13,AG1139,Khushi Kant,F,1990-10-12,VOTER-D136634,LIC/Ta/37332,2020-05-25,2026-03-07,MI,LFE,15,Hindi/English/Tamil,98793453175,khushi41@example.com,147 Kurian Ganj,Mannan Circle,Street,Madurai,Madurai,Tamil Nadu,India,650383,2010-05-26,Urban,Combo,SM1038,059591791330
2025-08-13,AG1140,Zara Srinivas,F,1993-01-13,ADHAR-3217-9333-2305,LIC/We/32898,2021-12-05,2027-12-06,CO,GEN,17,Hindi/English/Bengali,98061718307,zara42@example.com,25/249- Bahl Nagar,Kothari Nagar,Street,Howrah,Howrah,West Bengal,India,778068,2007-11-06,Urban,Motor,SM1031,872652007880
2025-08-13,AG1141,Zara Kata,F,1974-11-26,ADHAR-9165-9147-2048,LIC/Ta/30463,2021-03-18,2026-03-17,MI,GEN,9,Hindi/English/Tamil,99418560898,zara79@example.com,156 Sengupta Nagar,Rajan Road,Street,Coimbatore,Coimbatore,Tamil Nadu,India,643894,2015-10-23,Urban,Health,SM1027,096487062791
2025-08-13,AG1142,Tarini Randhawa,M,2002-12-25,ADHAR-7241-5400-2218,LIC/Ka/99320,2023-06-05,2027-11-06,MI,HLT,19,Hindi/English/Kannada,97765710703,tarini22@example.com,802- Basak Chowk,Gole,Street,Bangalore,Bangalore,Karnataka,India,580456,2006-05-12,Rural,Health,SM1002,733958092176
2025-08-13,AG1143,Priyansh Mahajan,M,1969-08-29,ADHAR-9940-8312-4770,LIC/Ma/23683,2022-04-03,2029-09-11,MI,HLT,15,Hindi/English/Marathi,99539856568,priyansh11@example.com,415- Chaudhari Circle,Bali Marg,Street,Nagpur,Nagpur,Maharashtra,India,462313,2010-01-16,Urban,Combo,SM1020,502896072425
2025-08-13,AG1144,Yashvi Sura,F,1997-06-11,ADHAR-4617-8980-8169,LIC/Ta/24533,2020-01-19,2026-03-14,BO,LFE,11,Hindi/English/Tamil,99445995933,yashvi56@example.com,66/73- Master Street,Varghese Nagar,Street,Madurai,Madurai,Tamil Nadu,India,630450,2014-06-15,Rural,Combo,SM1023,146656385918
2025-08-13,AG1145,Saira Ahluwalia,F,1980-10-05,VOTER-A330027,LIC/We/69844,2021-07-28,2026-07-22,PO,HLT,4,Hindi/English/Bengali,98977412835,saira38@example.com,H.No. 621 Kadakia Nagar,Srinivas Marg,Street,Kolkata,Kolkata,West Bengal,India,774610,2021-05-01,Urban,Combo,SM1025,230029595260
2025-08-13,AG1146,Zara Sekhon,F,1987-10-08,VOTER-E399394,LIC/Ma/62680,2024-12-18,2030-02-06,CO,LFE,3,Hindi/English/Marathi,98156018046,zara38@example.com,H.No. 692- Khosla Marg,Doshi Circle,Street,Pune,Pune,Maharashtra,India,401034,2021-10-08,Rural,Life,SM1015,772766522417
2025-08-13,AG1147,Yasmin Bhatt,M,1986-11-15,VOTER-D146234,LIC/We/52964,2014-01-24,2028-11-15,MI,LFE,19,Hindi/English/Bengali,97001557814,yasmin28@example.com,H.No. 924- Krishnamurthy Ganj,Lal Marg,Street,Howrah,Howrah,West Bengal,India,710659,2006-01-22,Urban,Health,SM1048,133062285722
2025-08-13,AG1148,Ira Amble,F,1973-07-20,VOTER-E889190,LIC/We/93147,2012-07-18,2027-12-22,BO,GEN,16,Hindi/English/Bengali,97275127852,ira32@example.com,68/83- Goel Chowk,Chanda Nagar,Street,Kolkata,Kolkata,West Bengal,India,790762,2009-01-03,Urban,Motor,SM1042,072274240323
2025-08-13,AG1149,Vanya Ganesan,M,1974-12-05,UID-106094670061,LIC/Ka/56305,2025-01-01,2028-03-26,IM,HLT,3,Hindi/English/Kannada,99626485833,vanya58@example.com,524- Sarna Road,Sem Nagar,Street,Mysore,Mysore,Karnataka,India,584531,2022-07-08,Urban,Life,SM1004,373407424466
